# Name,        Type, SubType,   Offset,    Size,    Flags
nvs,           data, nvs,       0x9000,    0x6000,
phy_init,      data, phy,       0xF000,    0x1000,
factory,       app,  factory,   0x10000,   0x180000,
ota_0,         app,  ota_0,     0x190000,  0x180000,
ota_1,         app,  ota_1,     0x310000,  0x180000,
spiffs,        data, spiffs,    0x490000,  0xE0000,
device_nvs,    data, nvs,       0x570000,  0x6000,
nvs_key,       data, nvs_keys,  0x576000,  0x1000,
otadata,       data, ota,       0x577000,  0x2000,
